<?xml version="1.0" encoding="UTF-8"?>
<root>
  <item name="com.firebase.ui.auth.AuthUI.IdpConfig IdpConfig(java.lang.String, android.os.Bundle) 0">
    <annotation name="androidx.annotation.StringDef">
      <val name="value" val="{com.google.firebase.auth.GoogleAuthProvider.PROVIDER_ID, com.google.firebase.auth.FacebookAuthProvider.PROVIDER_ID, com.google.firebase.auth.TwitterAuthProvider.PROVIDER_ID, com.google.firebase.auth.GithubAuthProvider.PROVIDER_ID, com.google.firebase.auth.EmailAuthProvider.PROVIDER_ID, com.google.firebase.auth.PhoneAuthProvider.PROVIDER_ID, com.firebase.ui.auth.AuthUI.ANONYMOUS_PROVIDER, com.google.firebase.auth.EmailAuthProvider.EMAIL_LINK_SIGN_IN_METHOD}" />
    </annotation>
  </item>
  <item name="com.firebase.ui.auth.AuthUI.IdpConfig java.lang.String getProviderId()">
    <annotation name="androidx.annotation.StringDef">
      <val name="value" val="{com.google.firebase.auth.GoogleAuthProvider.PROVIDER_ID, com.google.firebase.auth.FacebookAuthProvider.PROVIDER_ID, com.google.firebase.auth.TwitterAuthProvider.PROVIDER_ID, com.google.firebase.auth.GithubAuthProvider.PROVIDER_ID, com.google.firebase.auth.EmailAuthProvider.PROVIDER_ID, com.google.firebase.auth.PhoneAuthProvider.PROVIDER_ID, com.firebase.ui.auth.AuthUI.ANONYMOUS_PROVIDER, com.google.firebase.auth.EmailAuthProvider.EMAIL_LINK_SIGN_IN_METHOD}" />
    </annotation>
  </item>
  <item name="com.firebase.ui.auth.AuthUI.IdpConfig.Builder Builder(java.lang.String) 0">
    <annotation name="androidx.annotation.StringDef">
      <val name="value" val="{com.google.firebase.auth.GoogleAuthProvider.PROVIDER_ID, com.google.firebase.auth.FacebookAuthProvider.PROVIDER_ID, com.google.firebase.auth.TwitterAuthProvider.PROVIDER_ID, com.google.firebase.auth.GithubAuthProvider.PROVIDER_ID, com.google.firebase.auth.EmailAuthProvider.PROVIDER_ID, com.google.firebase.auth.PhoneAuthProvider.PROVIDER_ID, com.firebase.ui.auth.AuthUI.ANONYMOUS_PROVIDER, com.google.firebase.auth.EmailAuthProvider.EMAIL_LINK_SIGN_IN_METHOD}" />
    </annotation>
  </item>
  <item name="com.firebase.ui.auth.AuthUI.IdpConfig.Builder mProviderId">
    <annotation name="androidx.annotation.StringDef">
      <val name="value" val="{com.google.firebase.auth.GoogleAuthProvider.PROVIDER_ID, com.google.firebase.auth.FacebookAuthProvider.PROVIDER_ID, com.google.firebase.auth.TwitterAuthProvider.PROVIDER_ID, com.google.firebase.auth.GithubAuthProvider.PROVIDER_ID, com.google.firebase.auth.EmailAuthProvider.PROVIDER_ID, com.google.firebase.auth.PhoneAuthProvider.PROVIDER_ID, com.firebase.ui.auth.AuthUI.ANONYMOUS_PROVIDER, com.google.firebase.auth.EmailAuthProvider.EMAIL_LINK_SIGN_IN_METHOD}" />
    </annotation>
  </item>
  <item name="com.firebase.ui.auth.AuthUI.SupportedProvider">
    <annotation name="androidx.annotation.StringDef">
      <val name="value" val="{com.google.firebase.auth.GoogleAuthProvider.PROVIDER_ID, com.google.firebase.auth.FacebookAuthProvider.PROVIDER_ID, com.google.firebase.auth.TwitterAuthProvider.PROVIDER_ID, com.google.firebase.auth.GithubAuthProvider.PROVIDER_ID, com.google.firebase.auth.EmailAuthProvider.PROVIDER_ID, com.google.firebase.auth.PhoneAuthProvider.PROVIDER_ID, com.firebase.ui.auth.AuthUI.ANONYMOUS_PROVIDER, com.google.firebase.auth.EmailAuthProvider.EMAIL_LINK_SIGN_IN_METHOD}" />
    </annotation>
  </item>
  <item name="com.firebase.ui.auth.ErrorCodes java.lang.String toFriendlyMessage(int) 0">
    <annotation name="androidx.annotation.IntDef">
      <val name="value" val="{com.firebase.ui.auth.ErrorCodes.UNKNOWN_ERROR, com.firebase.ui.auth.ErrorCodes.NO_NETWORK, com.firebase.ui.auth.ErrorCodes.PLAY_SERVICES_UPDATE_CANCELLED, com.firebase.ui.auth.ErrorCodes.DEVELOPER_ERROR, com.firebase.ui.auth.ErrorCodes.PROVIDER_ERROR, com.firebase.ui.auth.ErrorCodes.ANONYMOUS_UPGRADE_MERGE_CONFLICT, com.firebase.ui.auth.ErrorCodes.EMAIL_MISMATCH_ERROR, com.firebase.ui.auth.ErrorCodes.INVALID_EMAIL_LINK_ERROR, com.firebase.ui.auth.ErrorCodes.EMAIL_LINK_WRONG_DEVICE_ERROR, com.firebase.ui.auth.ErrorCodes.EMAIL_LINK_PROMPT_FOR_EMAIL_ERROR, com.firebase.ui.auth.ErrorCodes.EMAIL_LINK_CROSS_DEVICE_LINKING_ERROR, com.firebase.ui.auth.ErrorCodes.EMAIL_LINK_DIFFERENT_ANONYMOUS_USER_ERROR}" />
    </annotation>
  </item>
  <item name="com.firebase.ui.auth.ErrorCodes.Code">
    <annotation name="androidx.annotation.IntDef">
      <val name="value" val="{com.firebase.ui.auth.ErrorCodes.UNKNOWN_ERROR, com.firebase.ui.auth.ErrorCodes.NO_NETWORK, com.firebase.ui.auth.ErrorCodes.PLAY_SERVICES_UPDATE_CANCELLED, com.firebase.ui.auth.ErrorCodes.DEVELOPER_ERROR, com.firebase.ui.auth.ErrorCodes.PROVIDER_ERROR, com.firebase.ui.auth.ErrorCodes.ANONYMOUS_UPGRADE_MERGE_CONFLICT, com.firebase.ui.auth.ErrorCodes.EMAIL_MISMATCH_ERROR, com.firebase.ui.auth.ErrorCodes.INVALID_EMAIL_LINK_ERROR, com.firebase.ui.auth.ErrorCodes.EMAIL_LINK_WRONG_DEVICE_ERROR, com.firebase.ui.auth.ErrorCodes.EMAIL_LINK_PROMPT_FOR_EMAIL_ERROR, com.firebase.ui.auth.ErrorCodes.EMAIL_LINK_CROSS_DEVICE_LINKING_ERROR, com.firebase.ui.auth.ErrorCodes.EMAIL_LINK_DIFFERENT_ANONYMOUS_USER_ERROR}" />
    </annotation>
  </item>
  <item name="com.firebase.ui.auth.FirebaseAuthAnonymousUpgradeException FirebaseAuthAnonymousUpgradeException(int, com.firebase.ui.auth.IdpResponse) 0">
    <annotation name="androidx.annotation.IntDef">
      <val name="value" val="{com.firebase.ui.auth.ErrorCodes.UNKNOWN_ERROR, com.firebase.ui.auth.ErrorCodes.NO_NETWORK, com.firebase.ui.auth.ErrorCodes.PLAY_SERVICES_UPDATE_CANCELLED, com.firebase.ui.auth.ErrorCodes.DEVELOPER_ERROR, com.firebase.ui.auth.ErrorCodes.PROVIDER_ERROR, com.firebase.ui.auth.ErrorCodes.ANONYMOUS_UPGRADE_MERGE_CONFLICT, com.firebase.ui.auth.ErrorCodes.EMAIL_MISMATCH_ERROR, com.firebase.ui.auth.ErrorCodes.INVALID_EMAIL_LINK_ERROR, com.firebase.ui.auth.ErrorCodes.EMAIL_LINK_WRONG_DEVICE_ERROR, com.firebase.ui.auth.ErrorCodes.EMAIL_LINK_PROMPT_FOR_EMAIL_ERROR, com.firebase.ui.auth.ErrorCodes.EMAIL_LINK_CROSS_DEVICE_LINKING_ERROR, com.firebase.ui.auth.ErrorCodes.EMAIL_LINK_DIFFERENT_ANONYMOUS_USER_ERROR}" />
    </annotation>
  </item>
  <item name="com.firebase.ui.auth.FirebaseUiException FirebaseUiException(int) 0">
    <annotation name="androidx.annotation.IntDef">
      <val name="value" val="{com.firebase.ui.auth.ErrorCodes.UNKNOWN_ERROR, com.firebase.ui.auth.ErrorCodes.NO_NETWORK, com.firebase.ui.auth.ErrorCodes.PLAY_SERVICES_UPDATE_CANCELLED, com.firebase.ui.auth.ErrorCodes.DEVELOPER_ERROR, com.firebase.ui.auth.ErrorCodes.PROVIDER_ERROR, com.firebase.ui.auth.ErrorCodes.ANONYMOUS_UPGRADE_MERGE_CONFLICT, com.firebase.ui.auth.ErrorCodes.EMAIL_MISMATCH_ERROR, com.firebase.ui.auth.ErrorCodes.INVALID_EMAIL_LINK_ERROR, com.firebase.ui.auth.ErrorCodes.EMAIL_LINK_WRONG_DEVICE_ERROR, com.firebase.ui.auth.ErrorCodes.EMAIL_LINK_PROMPT_FOR_EMAIL_ERROR, com.firebase.ui.auth.ErrorCodes.EMAIL_LINK_CROSS_DEVICE_LINKING_ERROR, com.firebase.ui.auth.ErrorCodes.EMAIL_LINK_DIFFERENT_ANONYMOUS_USER_ERROR}" />
    </annotation>
  </item>
  <item name="com.firebase.ui.auth.FirebaseUiException FirebaseUiException(int, java.lang.String) 0">
    <annotation name="androidx.annotation.IntDef">
      <val name="value" val="{com.firebase.ui.auth.ErrorCodes.UNKNOWN_ERROR, com.firebase.ui.auth.ErrorCodes.NO_NETWORK, com.firebase.ui.auth.ErrorCodes.PLAY_SERVICES_UPDATE_CANCELLED, com.firebase.ui.auth.ErrorCodes.DEVELOPER_ERROR, com.firebase.ui.auth.ErrorCodes.PROVIDER_ERROR, com.firebase.ui.auth.ErrorCodes.ANONYMOUS_UPGRADE_MERGE_CONFLICT, com.firebase.ui.auth.ErrorCodes.EMAIL_MISMATCH_ERROR, com.firebase.ui.auth.ErrorCodes.INVALID_EMAIL_LINK_ERROR, com.firebase.ui.auth.ErrorCodes.EMAIL_LINK_WRONG_DEVICE_ERROR, com.firebase.ui.auth.ErrorCodes.EMAIL_LINK_PROMPT_FOR_EMAIL_ERROR, com.firebase.ui.auth.ErrorCodes.EMAIL_LINK_CROSS_DEVICE_LINKING_ERROR, com.firebase.ui.auth.ErrorCodes.EMAIL_LINK_DIFFERENT_ANONYMOUS_USER_ERROR}" />
    </annotation>
  </item>
  <item name="com.firebase.ui.auth.FirebaseUiException FirebaseUiException(int, java.lang.String, java.lang.Throwable) 0">
    <annotation name="androidx.annotation.IntDef">
      <val name="value" val="{com.firebase.ui.auth.ErrorCodes.UNKNOWN_ERROR, com.firebase.ui.auth.ErrorCodes.NO_NETWORK, com.firebase.ui.auth.ErrorCodes.PLAY_SERVICES_UPDATE_CANCELLED, com.firebase.ui.auth.ErrorCodes.DEVELOPER_ERROR, com.firebase.ui.auth.ErrorCodes.PROVIDER_ERROR, com.firebase.ui.auth.ErrorCodes.ANONYMOUS_UPGRADE_MERGE_CONFLICT, com.firebase.ui.auth.ErrorCodes.EMAIL_MISMATCH_ERROR, com.firebase.ui.auth.ErrorCodes.INVALID_EMAIL_LINK_ERROR, com.firebase.ui.auth.ErrorCodes.EMAIL_LINK_WRONG_DEVICE_ERROR, com.firebase.ui.auth.ErrorCodes.EMAIL_LINK_PROMPT_FOR_EMAIL_ERROR, com.firebase.ui.auth.ErrorCodes.EMAIL_LINK_CROSS_DEVICE_LINKING_ERROR, com.firebase.ui.auth.ErrorCodes.EMAIL_LINK_DIFFERENT_ANONYMOUS_USER_ERROR}" />
    </annotation>
  </item>
  <item name="com.firebase.ui.auth.FirebaseUiException FirebaseUiException(int, java.lang.Throwable) 0">
    <annotation name="androidx.annotation.IntDef">
      <val name="value" val="{com.firebase.ui.auth.ErrorCodes.UNKNOWN_ERROR, com.firebase.ui.auth.ErrorCodes.NO_NETWORK, com.firebase.ui.auth.ErrorCodes.PLAY_SERVICES_UPDATE_CANCELLED, com.firebase.ui.auth.ErrorCodes.DEVELOPER_ERROR, com.firebase.ui.auth.ErrorCodes.PROVIDER_ERROR, com.firebase.ui.auth.ErrorCodes.ANONYMOUS_UPGRADE_MERGE_CONFLICT, com.firebase.ui.auth.ErrorCodes.EMAIL_MISMATCH_ERROR, com.firebase.ui.auth.ErrorCodes.INVALID_EMAIL_LINK_ERROR, com.firebase.ui.auth.ErrorCodes.EMAIL_LINK_WRONG_DEVICE_ERROR, com.firebase.ui.auth.ErrorCodes.EMAIL_LINK_PROMPT_FOR_EMAIL_ERROR, com.firebase.ui.auth.ErrorCodes.EMAIL_LINK_CROSS_DEVICE_LINKING_ERROR, com.firebase.ui.auth.ErrorCodes.EMAIL_LINK_DIFFERENT_ANONYMOUS_USER_ERROR}" />
    </annotation>
  </item>
  <item name="com.firebase.ui.auth.FirebaseUiException int getErrorCode()">
    <annotation name="androidx.annotation.IntDef">
      <val name="value" val="{com.firebase.ui.auth.ErrorCodes.UNKNOWN_ERROR, com.firebase.ui.auth.ErrorCodes.NO_NETWORK, com.firebase.ui.auth.ErrorCodes.PLAY_SERVICES_UPDATE_CANCELLED, com.firebase.ui.auth.ErrorCodes.DEVELOPER_ERROR, com.firebase.ui.auth.ErrorCodes.PROVIDER_ERROR, com.firebase.ui.auth.ErrorCodes.ANONYMOUS_UPGRADE_MERGE_CONFLICT, com.firebase.ui.auth.ErrorCodes.EMAIL_MISMATCH_ERROR, com.firebase.ui.auth.ErrorCodes.INVALID_EMAIL_LINK_ERROR, com.firebase.ui.auth.ErrorCodes.EMAIL_LINK_WRONG_DEVICE_ERROR, com.firebase.ui.auth.ErrorCodes.EMAIL_LINK_PROMPT_FOR_EMAIL_ERROR, com.firebase.ui.auth.ErrorCodes.EMAIL_LINK_CROSS_DEVICE_LINKING_ERROR, com.firebase.ui.auth.ErrorCodes.EMAIL_LINK_DIFFERENT_ANONYMOUS_USER_ERROR}" />
    </annotation>
  </item>
  <item name="com.firebase.ui.auth.IdpResponse java.lang.String getProviderType()">
    <annotation name="androidx.annotation.StringDef">
      <val name="value" val="{com.google.firebase.auth.GoogleAuthProvider.PROVIDER_ID, com.google.firebase.auth.FacebookAuthProvider.PROVIDER_ID, com.google.firebase.auth.TwitterAuthProvider.PROVIDER_ID, com.google.firebase.auth.GithubAuthProvider.PROVIDER_ID, com.google.firebase.auth.EmailAuthProvider.PROVIDER_ID, com.google.firebase.auth.PhoneAuthProvider.PROVIDER_ID, com.firebase.ui.auth.AuthUI.ANONYMOUS_PROVIDER, com.google.firebase.auth.EmailAuthProvider.EMAIL_LINK_SIGN_IN_METHOD}" />
    </annotation>
  </item>
</root>

